"Menu","Code","Label","DB"
"vd.mnu","FT","Документы с полным текстом","Deposit"
"vd.mnu","EXT","Документ с внешним объектом","Deposit"
"vd.mnu","KN","Книги в целом","Deposit"
"vd.mnu","05","Однотомное издание","Deposit"
"vd.mnu","03","Многотомное издание","Deposit"
"vd.mnu","04","Продолжающееся издание (ПРИ)","Deposit"
"vd.mnu","07","Монографическая серия (МС)","Deposit"
"vd.mnu","01","Газета (общее описание)","Deposit"
"vd.mnu","01S","Газета (БО)-списаны все комплекты","Deposit"
"vd.mnu","02","Журнал (общее описание)","Deposit"
"vd.mnu","02S","Журнал (БО)-списаны все комплекты","Deposit"
"vd.mnu","NJ","Отдельный номер газеты или журнала, выпуск ПРИ или МС","Deposit"
"vd.mnu","NJ_SPEC01","Номер газеты, описанный под заглавием","Deposit"
"vd.mnu","NJ_SPEC02","Номер журнала, описанный под заглавием","Deposit"
"vd.mnu","NJ_SPEC04","Выпуск продолж. издания, описанный под заглавием","Deposit"
"vd.mnu","NJ_SPEC07","Выпуск монографической серии, описанный под заглавием","Deposit"
"vd.mnu","NJP","Номер газеты или журнала, входящий в подшивку","Deposit"
"vd.mnu","NJK","Подшивка газет или журналов","Deposit"
"vd.mnu","11","Номер газеты/журналы с оглавлением","Deposit"
"vd.mnu","08","Статья из журнала","Deposit"
"vd.mnu","09","Статья из сборника (однотомник)","Deposit"
"vd.mnu","10","Статья из сборника (том многотомника)","Deposit"
"vd.mnu","12","Статья из газеты","Deposit"
"vd.mnu","16","Статья из сборника (выпуск продолж. издания)","Deposit"
"vd.mnu","17","Статья из сборника (выпуск монографической серии)","Deposit"
"vd.mnu","AS","Аналитическая статья (без детализации)","Deposit"
"vd.mnu","UD","Юридический документ","Deposit"
"vd.mnu","Z1","Шрифт Брайля И Муна","Deposit"
"vd.mnu","Z2","Шрифт Брайля (РТШ - рельефно-точечный шрифт)","Deposit"
"vd.mnu","Z3","Шрифт Муна","Deposit"
"vd.mnu","Z4","УШ (укрупненный шрифт)","Deposit"
"vd.mnu","Z5","Тактильное издание","Deposit"
"vd.mnu","Z6","РГП (рельефно-графическое пособие)","Deposit"
"vd.mnu","Za1","Препринт","Deposit"
"vd.mnu","zb","Рукопись (текстовые материалы)","Deposit"
"vd.mnu","ze","Картографические материалы","Deposit"
"vd.mnu","zc","Ноты (музыкальные партитуры)","Deposit"
"vd.mnu","zi","Звукозаписи","Deposit"
"vd.mnu","zg","Кинофильмы, проекционные и видеоматериалы","Deposit"
"vd.mnu","zl","Электронный ресурс","Deposit"
"vd.mnu","zm","Мультимедиа, Комплект","Deposit"
"vd.mnu","zk","2х-мерная графика (иллюстр., чертежи и др.)","Deposit"
"vd.mnu","zr","3х-мерные искусственные объекты и реалии","Deposit"
"vd.mnu","DEL","Экз-ров нет (удалить)","Deposit"
"vd.mnu","DELK","Экз-ров нет (докомплектовать)","Deposit"
"vd.mnu","DELJ","Все свед. о пост. журн. удалены (удалить)","Deposit"
"vd.mnu","DELA","Нет экз-ров ист-ка (удалить аналитическую запись)","Deposit"
"vd.mnu","DOK","Требуется докомплектование","Deposit"
"vd.mnu","MARC","Запись высшего уровня (для удаления)","Deposit"
"vd.mnu","!!","Неполное описание. Требуется доработка","Deposit"
"vd.mnu","SZPRF","Служебная запись - групповая проверка фонда","Deposit"
"vd.mnu","MUSP","Музейный предмет","Deposit"
"vd.mnu","ZU","Электронный учебник","Deposit"
"vd.mnu","RSU","Сетевой удаленный ресурс","Deposit"
"hd.mnu","01","Альбом","Deposit"
"hd.mnu","02","Атлас","Deposit"
"hd.mnu","03","Календарь","Deposit"
"hd.mnu","04","Самоучитель","Deposit"
"hd.mnu","05","Разговорник","Deposit"
"hd.mnu","06","Неопубликованный документ","Deposit"
"hd.mnu","07","Ежегодник","Deposit"
"hd.mnu","08","Классификация, Классификатор, Рубрикатор, Тезаурус","Deposit"
"hd.mnu","09","Доклад, тезисы доклада","Deposit"
"hd.mnu","10","Мемуары","Deposit"
"hd.mnu","111","Литературное произведение-Сценарии","Deposit"
"hd.mnu","112","Литературное произведение-Инсценировки","Deposit"
"hd.mnu","113","Литературное произведение-Либретто","Deposit"
"hd.mnu","114","Литературное произведение-Историческая лит-ра","Deposit"
"hd.mnu","115","Литературное произведение-Сборник","Deposit"
"hd.mnu","116","Литературное произведение-Сказки","Deposit"
"hd.mnu","117","Литературное произведение-Рассказы","Deposit"
"hd.mnu","118","Литературная критика","Deposit"
"hd.mnu","119","Литературное произведение-Романы, повести","Deposit"
"hd.mnu","11","Литературное произведение (без уточнения)","Deposit"
"hd.mnu","11a","Литературное произведение-Художественная лит-ра","Deposit"
"hd.mnu","11b","Литературное произведение-Драма","Deposit"
"hd.mnu","11c","Литературное произведение-Очерки, эссе","Deposit"
"hd.mnu","11d","Литературное произведение-Юмор, сатира","Deposit"
"hd.mnu","11e","Литературное произведение-Письма (как литературный жанр)","Deposit"
"hd.mnu","11f","Литературное произведение-Короткие рассказы","Deposit"
"hd.mnu","11g","Литературное произведение-Поэзия","Deposit"
"hd.mnu","11h","Литературное произведение-Речи и другие риторические формы","Deposit"
"hd.mnu","11y","Литературное произведение-Нелитературный текст","Deposit"
"hd.mnu","12","Афиши","Deposit"
"hd.mnu","13","Театральные  программки","Deposit"
"hd.mnu","14","Эскизы декораций","Deposit"
"hd.mnu","15","Определитель","Deposit"
"hd.mnu","18","Материал технической информации (без уточнения)","Deposit"
"hd.mnu","18a","Материал технической информации-Библиографическая информация","Deposit"
"hd.mnu","18b","Материал технической информации-Реферативная информация","Deposit"
"hd.mnu","18c","Материал технической информации-Обзорная информация","Deposit"
"hd.mnu","18f","Материал конференции","Deposit"
"hd.mnu","19","Научно-популярная литература","Deposit"
"hd.mnu","1h","Ежегодный отчет","Deposit"
"hd.mnu","1m","Судебные отчеты","Deposit"
"hd.mnu","1n","Юридические статьи","Deposit"
"hd.mnu","1o","Случаи из судебной практики","Deposit"
"hd.mnu","20","Общественно-политическая литература","Deposit"
"hd.mnu","21","Методический материал (без уточнения)","Deposit"
"hd.mnu","21a","Методические рекомендации","Deposit"
"hd.mnu","21b","Методические указания","Deposit"
"hd.mnu","22","Монография","Deposit"
"hd.mnu","23","Карта, картографическое издание","Deposit"
"hd.mnu","24","Историческая литература","Deposit"
"hd.mnu","25","Репродукции","Deposit"
"hd.mnu","26","Чертежи","Deposit"
"hd.mnu","27","Юридическая литература","Deposit"
"hd.mnu","28","Техническая литература","Deposit"
"hd.mnu","29","Финансово-экономическая литература","Deposit"
"hd.mnu","30","Тематическая подборка","Deposit"
"hd.mnu","34","Препринт","Deposit"
"hd.mnu","38","Проспект, буклет, рекламное издание, этикетка, планшет","Deposit"
"hd.mnu","44","Сборник","Deposit"
"hd.mnu","454","Переводное издание","Deposit"
"hd.mnu","481","Приплетенное издание (конволют и пр.)","Deposit"
"hd.mnu","501","Старопечатная книга","Deposit"
"hd.mnu","502","Книга, изданная до 1825г.","Deposit"
"hd.mnu","50","Редкая книга","Deposit"
"hd.mnu","51","отчет о НИР","Deposit"
"hd.mnu","51p","отчет о НИР (промежуточный)","Deposit"
"hd.mnu","51z","отчет о НИР (заключительный)","Deposit"
"hd.mnu","52","Архивные материалы","Deposit"
"hd.mnu","53","Выставочные материалы","Deposit"
"hd.mnu","54","Экспресс-информация","Deposit"
"hd.mnu","551","Информационный листок","Deposit"
"hd.mnu","55","Информационное письмо","Deposit"
"hd.mnu","57","Материалы временных коллективов","Deposit"
"hd.mnu","581","Научное издание","Deposit"
"hd.mnu","582","Депонированная научная работа","Deposit"
"hd.mnu","58","Сборник научных трудов","Deposit"
"hd.mnu","59","Путеводитель","Deposit"
"hd.mnu","611","Отчет о командировке","Deposit"
"hd.mnu","61","Отчет","Deposit"
"hd.mnu","62","Каталог фирмы (промкаталог)","Deposit"
"hd.mnu","62","Материал фирмы (промкаталог)","Deposit"
"hd.mnu","63","Нормативно-технический материал","Deposit"
"hd.mnu","641","Руководство","Deposit"
"hd.mnu","64","Инструкции","Deposit"
"hd.mnu","65","Конструкторская документация","Deposit"
"hd.mnu","66","Нормативный документ","Deposit"
"hd.mnu","67","Официальное издание","Deposit"
"hd.mnu","68","Правительственное издание","Deposit"
"hd.mnu","69","Издания общественных организаций","Deposit"
"hd.mnu","71","Прейскурант","Deposit"
"hd.mnu","72","Базы и банки данных","Deposit"
"hd.mnu","731","Описание алгоритмов и программ","Deposit"
"hd.mnu","732","Пакет программ","Deposit"
"hd.mnu","73","Алгоритмы и программы","Deposit"
"hd.mnu","80","Фотопродукция","Deposit"
"hd.mnu","80a","Фотография видовая","Deposit"
"hd.mnu","80a","Фотопортрет","Deposit"
"hd.mnu","80b","Фотография групповая","Deposit"
"hd.mnu","80c","Фотография сюжетная","Deposit"
"hd.mnu","81","Материалы ДСП","Deposit"
"hd.mnu","82","ВОЗ (Документы Всемирной организации здравоохранения)","Deposit"
"hd.mnu","83","Депонированная рукопись","Deposit"
"hd.mnu","84a","Кинофильмы-Экранизация","Deposit"
"hd.mnu","84b","Кинофильмы-По сценарию","Deposit"
"hd.mnu","84c","Кинофильмы-Театральная постановка","Deposit"
"hd.mnu","85a","Музыкальное произведение, вокальное","Deposit"
"hd.mnu","85b","Музыкальное произведение, инструментальное","Deposit"
"hd.mnu","85c","Музыкальное произведение, вокально-инструментальное","Deposit"
"hd.mnu","85d","Музыкальное произведение, сценическое","Deposit"
"hd.mnu","85e","Музыкальное произведение, хоровое","Deposit"
"hd.mnu","85f","Звуки природы","Deposit"
"hd.mnu","85g","Аудиокнига (""Говорящая"" книга)","Deposit"
"hd.mnu","86","Материалы о Школе","Deposit"
"hd.mnu","87","Материалы о Д/саде","Deposit"
"hd.mnu","88","Издания для досуга","Deposit"
"hd.mnu","91a","Биография (Автобиография)","Deposit"
"hd.mnu","91b1","Биография отдельного лица-Литературный материал","Deposit"
"hd.mnu","91b2","Биография отдельного лица-Иллюстративный материал","Deposit"
"hd.mnu","91b","Биография отдельного лица","Deposit"
"hd.mnu","91c","Биография коллективная","Deposit"
"hd.mnu","91d","Биографическая информация (Сборник)","Deposit"
"hd.mnu","91d","Сборник биографической информации","Deposit"
"hd.mnu","97","Материалы групповой обработки","Deposit"
"hd.mnu","98","Брошюра","Deposit"
"hd.mnu","a","Библиография","Deposit"
"hd.mnu","b","Каталог","Deposit"
"hd.mnu","c","Указатель","Deposit"
"hd.mnu","d1","Реферат","Deposit"
"hd.mnu","d2","Рецензия","Deposit"
"hd.mnu","e","Словарь","Deposit"
"hd.mnu","f","Энциклопедия","Deposit"
"hd.mnu","g","Справочное издание","Deposit"
"hd.mnu","h","Описание проекта","Deposit"
"hd.mnu","i","Статистический материал","Deposit"
"hd.mnu","j0","УЧЛ - Учебник","Deposit"
"hd.mnu","j02","УЧЛ - Электронный учебник (ККО=1)","Deposit"
"hd.mnu","j10","УЧЛ - К изучению дисциплины","Deposit"
"hd.mnu","j11","УЧЛ - К самостоятельной работе","Deposit"
"hd.mnu","j12","УЧЛ - Учебно-методический комплекс","Deposit"
"hd.mnu","j13","УЧЛ - Дипломный  проект (работа)","Deposit"
"hd.mnu","j14","УЧЛ - Контрольная работа","Deposit"
"hd.mnu","j15","УЧЛ - Лабораторная работа","Deposit"
"hd.mnu","j16","УЧЛ - Практическая работа","Deposit"
"hd.mnu","j17","УЧЛ - Планы семинарских занятий","Deposit"
"hd.mnu","j18","УЧЛ - Расчетные работы","Deposit"
"hd.mnu","j19","УЧЛ - Программа практик","Deposit"
"hd.mnu","j1","УЧЛ - Сборник задач","Deposit"
"hd.mnu","j20","УЧЛ - Тесты","Deposit"
"hd.mnu","j21","УЧЛ - Методический материал без уточнения (для статистики КО)","Deposit"
"hd.mnu","j2","УЧЛ - Хрестоматия","Deposit"
"hd.mnu","j3","УЧЛ - Практикум","Deposit"
"hd.mnu","j4","УЧЛ - Методические указания","Deposit"
"hd.mnu","j5","УЧЛ - Курс лекций","Deposit"
"hd.mnu","j6","УЧЛ - Цикл лаб.работ","Deposit"
"hd.mnu","j7","УЧЛ - Курс.расчет","Deposit"
"hd.mnu","j8","УЧЛ - Учебные программы","Deposit"
"hd.mnu","j9","УЧЛ - Производственно-практическое издание","Deposit"
"hd.mnu","j","УЧЛ - Учебное пособие","Deposit"
"hd.mnu","jj1","УЧЛ - Рекомендовано отраслевым мин-вом","Deposit"
"hd.mnu","jj2","УЧЛ - Рекомендовано методсоветом по направлению","Deposit"
"hd.mnu","jj3","УЧЛ - Рекомендовано методсоветом ВУЗа","Deposit"
"hd.mnu","jj9","УЧЛ - Рекомендовано региональным уч-метод. центром ВУЗа","Deposit"
"hd.mnu","jj","УЧЛ - Рекомендовано Мин.образования","Deposit"
"hd.mnu","k","Патент или другой охранный документ","Deposit"
"hd.mnu","l","Стандарт","Deposit"
"hd.mnu","m1","Автореферат диссертации","Deposit"
"hd.mnu","m2","Диссертация","Deposit"
"hd.mnu","m3","Курсовая работа","Deposit"
"hd.mnu","m","Автореферат / диссертация / курсовая работа (без уточнения)","Deposit"
"hd.mnu","n","Законы и законодательные акты","Deposit"
"hd.mnu","o","Таблицы","Deposit"
"hd.mnu","p","Технический отчет","Deposit"
"hd.mnu","q","Экзаменационный лист","Deposit"
"hd.mnu","r","Литературный обзор","Deposit"
"hd.mnu","s","Договоры","Deposit"
"hd.mnu","t","Карикатуры","Deposit"
"hd.mnu","w","Религиозная литература","Deposit"
"hd.mnu","z","яяя (Другое)","Deposit"
"jz.mnu","abk","Абхазский","Deposit"
"jz.mnu","ava","Аварский","Deposit"
"jz.mnu","ady","Адыгейский","Deposit"
"jz.mnu","aze","Азербайджанский","Deposit"
"jz.mnu","alb","Албанский","Deposit"
"jz.mnu","ale","Алеутский","Deposit"
"jz.mnu","ali","Алюторский","Deposit"
"jz.mnu","amu","Амурский","Deposit"
"jz.mnu","eng","Английский","Deposit"
"jz.mnu","ara","Арабский","Deposit"
"jz.mnu","arm","Армянский","Deposit"
"jz.mnu","afr","Африкаанс","Deposit"
"jz.mnu","bak","Башкирский","Deposit"
"jz.mnu","bel","Белорусский","Deposit"
"jz.mnu","bua","Бурятский","Deposit"
"jz.mnu","bok","Бухарский","Deposit"
"jz.mnu","bul","Болгарский","Deposit"
"jz.mnu","hun","Венгерский","Deposit"
"jz.mnu","vie","Вьетнамский","Deposit"
"jz.mnu","dut","Голландский","Deposit"
"jz.mnu","gre","Греческий","Deposit"
"jz.mnu","geo","Грузинский","Deposit"
"jz.mnu","dog","Дагестанский","Deposit"
"jz.mnu","dan","Датский","Deposit"
"jz.mnu","dog","Долганский","Deposit"
"jz.mnu","grc","Древнегреческий","Deposit"
"jz.mnu","heb","Иврит","Deposit"
"jz.mnu","yid","Идиш","Deposit"
"jz.mnu","ing","Ингушский","Deposit"
"jz.mnu","ind","Индонезийский","Deposit"
"jz.mnu","iri","Ирландский","Deposit"
"jz.mnu","ice","Исландский","Deposit"
"jz.mnu","spa","Испанский","Deposit"
"jz.mnu","ita","Итальянский","Deposit"
"jz.mnu","kad","Кабардино-черкесcкий","Deposit"
"jz.mnu","cau","Кавказский-другие","Deposit"
"jz.mnu","kaz","Казахский","Deposit"
"jz.mnu","kal","Калмыцкий","Deposit"
"jz.mnu","kah","Карачаево-балкарский","Deposit"
"jz.mnu","kar","Карельский","Deposit"
"jz.mnu","ket","Кетский","Deposit"
"jz.mnu","chi","Китайский","Deposit"
"jz.mnu","kor","Корейский","Deposit"
"jz.mnu","koy","Корякский","Deposit"
"jz.mnu","kir","Киргизский","Deposit"
"jz.mnu","lat","Латинский","Deposit"
"jz.mnu","lav","Латышский","Deposit"
"jz.mnu","lez","Лезгинский","Deposit"
"jz.mnu","lit","Литовский","Deposit"
"jz.mnu","mac","Македонский","Deposit"
"jz.mnu","may","Малайский","Deposit"
"jz.mnu","vog","Мансийский","Deposit"
"jz.mnu","chm","Марийский (Черемисский)","Deposit"
"jz.mnu","mau","Маньчжерский","Deposit"
"jz.mnu","mol","Молдавский","Deposit"
"jz.mnu","mon","Монгольский","Deposit"
"jz.mnu","mok","Мордовский","Deposit"
"jz.mnu","mul","мультиязычное издание","Deposit"
"jz.mnu","und","Не определено","Deposit"
"jz.mnu","gol","Нанайский","Deposit"
"jz.mnu","jur","Ненецкий","Deposit"
"jz.mnu","ger","Немецкий","Deposit"
"jz.mnu","nga","Нганасанский","Deposit"
"jz.mnu","nor","Норвежский","Deposit"
"jz.mnu","oss","Осетинский","Deposit"
"jz.mnu","oro","Орочский","Deposit"
"jz.mnu","per","Персидский","Deposit"
"jz.mnu","pol","Польский","Deposit"
"jz.mnu","por","Португальский","Deposit"
"jz.mnu","rum","Румынский","Deposit"
"jz.mnu","rus","Русский","Deposit"
"jz.mnu","rue","Русинский","Deposit"
"jz.mnu","scc","Сербский","Deposit"
"jz.mnu","sla","Словацкий","Deposit"
"jz.mnu","slo","Словенский","Deposit"
"jz.mnu","taj","Таджикский","Deposit"
"jz.mnu","tar","Татарский","Deposit"
"jz.mnu","tyv","Тувинский","Deposit"
"jz.mnu","tuk","Туркменский","Deposit"
"jz.mnu","tur","Турецкий","Deposit"
"jz.mnu","uzb","Узбекский","Deposit"
"jz.mnu","ude","Удэгейский","Deposit"
"jz.mnu","ukr","Украинский","Deposit"
"jz.mnu","udm","Удмуртский","Deposit"
"jz.mnu","vot","Удмуртский (вотяцкий)","Deposit"
"jz.mnu","fin","Финский","Deposit"
"jz.mnu","fiu","Финно-угорский","Deposit"
"jz.mnu","fle","Фламандский","Deposit"
"jz.mnu","fre","Французский","Deposit"
"jz.mnu","khk","Хакасский","Deposit"
"jz.mnu","ost","Хантыйский (Остяцкий)","Deposit"
"jz.mnu","hin","Хинди","Deposit"
"jz.mnu","scr","Хорватский","Deposit"
"jz.mnu","chu","Церковнославянский","Deposit"
"jz.mnu","cze","Чешский","Deposit"
"jz.mnu","chv","Чувашский","Deposit"
"jz.mnu","chk","Чукотский","Deposit"
"jz.mnu","swe","Шведский","Deposit"
"jz.mnu","ewe","Эве","Deposit"
"jz.mnu","tum","Эвенкийский (Тунгусский)","Deposit"
"jz.mnu","lau","Эвенский","Deposit"
"jz.mnu","ene","Энецкий","Deposit"
"jz.mnu","esk","Эскимосские (другие)","Deposit"
"jz.mnu","kal","Эскимосский","Deposit"
"jz.mnu","esp","Эсперанто","Deposit"
"jz.mnu","est","Эстонский","Deposit"
"jz.mnu","sah","Якутский","Deposit"
"jz.mnu","jpn","Японский","Deposit"
"str.mnu","AU","Австралия","Deposit"
"str.mnu","AT","Австрия","Deposit"
"str.mnu","AL","Албания","Deposit"
"str.mnu","AZ","Азербайджан","Deposit"
"str.mnu","AM","Армения","Deposit"
"str.mnu","DZ","Алжир","Deposit"
"str.mnu","AO","Ангола","Deposit"
"str.mnu","AR","Аргентина","Deposit"
"str.mnu","AF","Афганистан","Deposit"
"str.mnu","BS","Багамы","Deposit"
"str.mnu","BD","Бангладеш","Deposit"
"str.mnu","BE","Бельгия","Deposit"
"str.mnu","BY","Беларусь","Deposit"
"str.mnu","XX","Бирма см. Мьянма","Deposit"
"str.mnu","BG","Болгария","Deposit"
"str.mnu","BO","Боливия","Deposit"
"str.mnu","BA","Босния и Герцеговина","Deposit"
"str.mnu","BW","Ботсвана","Deposit"
"str.mnu","BR","Бразилия","Deposit"
"str.mnu","VA","Ватикан","Deposit"
"str.mnu","GB","Великобритания","Deposit"
"str.mnu","HU","Венгрия","Deposit"
"str.mnu","VE","Венесуэла","Deposit"
"str.mnu","VN","Вьетнам","Deposit"
"str.mnu","GA","Габон","Deposit"
"str.mnu","GH","Гана","Deposit"
"str.mnu","GT","Гватемала","Deposit"
"str.mnu","GN","Гвинея","Deposit"
"str.mnu","GW","Гвинея-Бисау","Deposit"
"str.mnu","DE","Германия","Deposit"
"str.mnu","XX","Голландия см. Нидерланды","Deposit"
"str.mnu","HN","Гондурас","Deposit"
"str.mnu","XX","Гонконг см. Сянган","Deposit"
"str.mnu","GR","Греция","Deposit"
"str.mnu","GE","Грузия","Deposit"
"str.mnu","DK","Дания","Deposit"
"str.mnu","DO","Доминиканская Республика","Deposit"
"str.mnu","EU","Европейское сообщество","Deposit"
"str.mnu","EG","Египет","Deposit"
"str.mnu","ZR","Заир","Deposit"
"str.mnu","ZM","Замбия","Deposit"
"str.mnu","IL","Израиль","Deposit"
"str.mnu","IN","Индия","Deposit"
"str.mnu","ID","Индонезия","Deposit"
"str.mnu","JO","Иордания","Deposit"
"str.mnu","IQ","Ирак","Deposit"
"str.mnu","IR","Иран","Deposit"
"str.mnu","IE","Ирландия","Deposit"
"str.mnu","IS","Исландия","Deposit"
"str.mnu","ES","Испания","Deposit"
"str.mnu","IT","Италия","Deposit"
"str.mnu","YE","Йемен","Deposit"
"str.mnu","KZ","Казахстан","Deposit"
"str.mnu","CM","Камерун","Deposit"
"str.mnu","KH","Камбоджа","Deposit"
"str.mnu","CA","Канада","Deposit"
"str.mnu","KE","Кения","Deposit"
"str.mnu","KG","Киргизия","Deposit"
"str.mnu","CN","Китай","Deposit"
"str.mnu","CO","Колумбия","Deposit"
"str.mnu","CG","Конго","Deposit"
"str.mnu","KP","Корейская Народно-Демократическая Республика","Deposit"
"str.mnu","KR","Корея. Республика (Южная)","Deposit"
"str.mnu","CR","Коста-Рика","Deposit"
"str.mnu","CU","Куба","Deposit"
"str.mnu","KW","Кувейт","Deposit"
"str.mnu","LV","Латвия","Deposit"
"str.mnu","LB","Ливан","Deposit"
"str.mnu","LY","Ливия","Deposit"
"str.mnu","LT","Литва","Deposit"
"str.mnu","LI","Лихтенштейн","Deposit"
"str.mnu","LU","Люксембург","Deposit"
"str.mnu","MU","Маврикий","Deposit"
"str.mnu","MG","Мадагаскар","Deposit"
"str.mnu","ME","Черногория","Deposit"
"str.mnu","MK","Македония","Deposit"
"str.mnu","MW","Малави","Deposit"
"str.mnu","MY","Малайзия","Deposit"
"str.mnu","ML","Мали","Deposit"
"str.mnu","MT","Мальта","Deposit"
"str.mnu","MA","Марокко","Deposit"
"str.mnu","MX","Мексика","Deposit"
"str.mnu","MZ","Мозамбик","Deposit"
"str.mnu","MD","Молдавия","Deposit"
"str.mnu","MC","Монако","Deposit"
"str.mnu","MN","Монголия","Deposit"
"str.mnu","MM","Мьянма (Бирма)","Deposit"
"str.mnu","NP","Непал","Deposit"
"str.mnu","NE","Нигер","Deposit"
"str.mnu","NG","Нигерия","Deposit"
"str.mnu","NL","Нидерланды","Deposit"
"str.mnu","NI","Никарагуа","Deposit"
"str.mnu","NZ","Новая Зеландия","Deposit"
"str.mnu","NO","Норвегия","Deposit"
"str.mnu","PK","Пакистан","Deposit"
"str.mnu","PA","Панама","Deposit"
"str.mnu","PY","Парагвай","Deposit"
"str.mnu","PE","Перу","Deposit"
"str.mnu","PL","Польша","Deposit"
"str.mnu","PT","Португалия","Deposit"
"str.mnu","PR","Пуэрто-Рико","Deposit"
"str.mnu","RU","Российская Федерация","Deposit"
"str.mnu","RO","Румыния","Deposit"
"str.mnu","RS","Сербия","Deposit"
"str.mnu","RW","Руанда","Deposit"
"str.mnu","SV","Сальвадор","Deposit"
"str.mnu","SA","Саудовская Аравия","Deposit"
"str.mnu","SC","Сейшельские Острова","Deposit"
"str.mnu","SN","Сенегал","Deposit"
"str.mnu","SG","Сингапур","Deposit"
"str.mnu","SY","Сирия","Deposit"
"str.mnu","SK","Словакия","Deposit"
"str.mnu","SI","Словения","Deposit"
"str.mnu","SU","СССР","Deposit"
"str.mnu","US","Соединенные Штаты Америки","Deposit"
"str.mnu","SO","Сомали","Deposit"
"str.mnu","SD","Судан","Deposit"
"str.mnu","SL","Сьерра-Леоне","Deposit"
"str.mnu","HK","Сянган (Гонконг)","Deposit"
"str.mnu","TJ","Таджикистан","Deposit"
"str.mnu","TH","Таиланд","Deposit"
"str.mnu","TZ","Танзания","Deposit"
"str.mnu","TG","Того","Deposit"
"str.mnu","TT","Тринидад и Тобаго","Deposit"
"str.mnu","TN","Тунис","Deposit"
"str.mnu","TM","Туркменистан","Deposit"
"str.mnu","TR","Турция","Deposit"
"str.mnu","UG","Уганда","Deposit"
"str.mnu","UZ","Узбекистан","Deposit"
"str.mnu","UA","Украина","Deposit"
"str.mnu","UY","Уругвай","Deposit"
"str.mnu","FJ","Фиджи","Deposit"
"str.mnu","PH","Филиппины","Deposit"
"str.mnu","FI","Финляндия","Deposit"
"str.mnu","FR","Франция","Deposit"
"str.mnu","HR","Хорватия","Deposit"
"str.mnu","CF","Ценральноафриканская Республика","Deposit"
"str.mnu","TD","Чад","Deposit"
"str.mnu","CZ","Чешская Республика","Deposit"
"str.mnu","CL","Чили","Deposit"
"str.mnu","CH","Швейцария","Deposit"
"str.mnu","SE","Швеция","Deposit"
"str.mnu","LK","Шри-Ланка","Deposit"
"str.mnu","EC","Эквадор","Deposit"
"str.mnu","EE","Эстония","Deposit"
"str.mnu","ET","Эфиопия","Deposit"
"str.mnu","YU","Югославия","Deposit"
"str.mnu","ZA","Южно-Африканская Республика","Deposit"
"str.mnu","JP","Япония","Deposit"
"nos.mnu","бр.","Брошюра","Deposit"
"nos.mnu","папк.","Папка","Deposit"
"nos.mnu","столб.","Столбцы","Deposit"
"nos.mnu","табл.","Таблицы","Deposit"
"nos.mnu","ак.","Аудиокассета","Deposit"
"nos.mnu","грп.","Грампластинка (Диск)","Deposit"
"nos.mnu","цил.","Магнитный цилиндр","Deposit"
"nos.mnu","пр.","Магнитная проволока","Deposit"
"nos.mnu","вл.","Валик","Deposit"
"nos.mnu","пл.","Пленка","Deposit"
"nos.mnu","дп.","Диапозитив","Deposit"
"nos.mnu","дф.","Диафильм","Deposit"
"nos.mnu","ндп.","Набор диапозитивов","Deposit"
"nos.mnu","сл.","Слайд","Deposit"
"nos.mnu","тр.","Транспарант","Deposit"
"nos.mnu","вк.","Видеокассета","Deposit"
"nos.mnu","вл.","Видеолента","Deposit"
"nos.mnu","кф.","Кинофильм","Deposit"
"nos.mnu","нк.","Номера карт","Deposit"
"nos.mnu","мд.","Магнитный диск (дискета)","Deposit"
"nos.mnu","CD-ROM","Компакт-диск","Deposit"
"nos.mnu","CD-DA","Компакт-диск звуковой","Deposit"
"nos.mnu","CD-DV","Компакт-диск видео","Deposit"
"nos.mnu","DVD-ROM","Компакт-диск","Deposit"
"nos.mnu","CD-WORM","Компакт-диск","Deposit"
"nos.mnu","CD-EROM","Компакт-диск, перезаписываемый","Deposit"
"nos.mnu","CD-PROM","Компакт-диск, перезаписываемый","Deposit"
"nos.mnu","CD-RW","Компакт-диск, перезаписываемый","Deposit"
"nos.mnu","CD+RW","Компакт-диск, перезаписываемый","Deposit"
"nos.mnu","DVD-R/W","Компакт-диск, перезаписываемый","Deposit"
"nos.mnu","CD-EDOD","Компакт-диск, стираемый цифровой (аналог жесткого МД)","Deposit"
"nos.mnu","CD-E","Компакт-диск, перезаписываемый (стираемый)","Deposit"
"nos.mnu","CD-DVE","Гибкий видеокомпакт-диск, перезаписываемый (стираемый)","Deposit"
"nos.mnu","DVD-RW","Перезаписываемый цифровой видеодиск","Deposit"
"nos.mnu","CD-DVI","Интерактивный видеодиск","Deposit"
"nos.mnu","Photo CD","Фото-компакт-диск","Deposit"
"nos.mnu","CD-I","Интерактивный компакт-диск","Deposit"
"nos.mnu","CD-R","Компакт-диск, перезаписываемый","Deposit"
"nos.mnu","on-line","Система on-line","Deposit"
"nos.mnu","CD","Компакт-диск (CD)","Deposit"
"nos.mnu","жесткий мд.","Жесткий магнитный диск","Deposit"
"nos.mnu","Интеракт.видеодиск","Интерактивный видеодиск","Deposit"
"nos.mnu","апк.","Апертурная карта","Deposit"
"nos.mnu","мкф.","Микрофильм","Deposit"
"nos.mnu","мкфм.","Микроформа","Deposit"
"nos.mnu","мкфш.","Микрофиша","Deposit"
"nos.mnu","дж.","Джекет (микрофильм в отрезке)","Deposit"
"nos.mnu","парт.","Партии","Deposit"
"nos.mnu","партит.","Партитуры","Deposit"
"nos.mnu","мл.-картридж","Магнитная лента в картридже","Deposit"
"nos.mnu","ЧИП-картридж","Электронный микропроцессорный картридж","Deposit"
"nos.mnu","CD-картридж","Компакт диск в картридже","Deposit"
"nos.mnu","мл.","Электронная кассета с магнитной лентой","Deposit"
"nos.mnu","мл.-катушка","Электронная катушка с магнитной лентой","Deposit"
"nos.mnu","мд. опт.","Электронный магнито-оптический диск","Deposit"
"nos.mnu","фк.","ФЛЕШ КАРТА","Deposit"
"nos.mnu","автолитогр.","Автолитогр.","Deposit"
"nos.mnu","гравюра","Гравюра","Deposit"
"nos.mnu","грав. на мет.","Гравюра на металле","Deposit"
"nos.mnu","грав. на дер.","Гравюра на дереве","Deposit"
"nos.mnu","живопись","Живопись","Deposit"
"nos.mnu","изображение","Изображение","Deposit"
"nos.mnu","картон, тушь","Картон, тушь","Deposit"
"nos.mnu","кодирующая карта","Кодирующая карта","Deposit"
"nos.mnu","коллаж","Коллаж","Deposit"
"nos.mnu","литогр.","Литография","Deposit"
"nos.mnu","литогр. раскраш.","Литография раскрашенная","Deposit"
"nos.mnu","литогр. тоновая","Литография тоновая","Deposit"
"nos.mnu","офорт, пунктир","Офорт, пунктир","Deposit"
"nos.mnu","офсет","Офсет","Deposit"
"nos.mnu","офсет цв.","Офсет цветной","Deposit"
"nos.mnu","пунктир, акватинта, офорт","Пунктир, акватинта, офорт","Deposit"
"nos.mnu","резц. грав., офорт","Резц. грав., офорт","Deposit"
"nos.mnu","рис.","Рисунок","Deposit"
"nos.mnu","схема","Схема","Deposit"
"nos.mnu","тех.чертеж","Технический чертеж","Deposit"
"nos.mnu","трафарет","Трафарет","Deposit"
"nos.mnu","трафарет цв.","Трафарет цветной","Deposit"
"nos.mnu","фотогравюра","Фотогравюра","Deposit"
"nos.mnu","фотомеханическая продукция","Фотомеханическая продукция","Deposit"
"nos.mnu","фотонегатив","Фотонегатив","Deposit"
"nos.mnu","фототип.","Фототип.","Deposit"
"nos.mnu","хромолитогр.","Хромолитография","Deposit"
"nos.mnu","хромолитогр. на картоне","Хромолитография на картоне","Deposit"
"nos.mnu","цинкогр.","Цинкогравюра","Deposit"
"nosfst.mnu","ак.","ак.","Deposit"
"nosfst.mnu","бр.","бр.","Deposit"
"nosfst.mnu","папк.","папк.","Deposit"
"nosfst.mnu","столб.","столб.","Deposit"
"nosfst.mnu","табл.","табл.","Deposit"
"nosfst.mnu","грп.","грп.","Deposit"
"nosfst.mnu","мл.","мл.","Deposit"
"nosfst.mnu","цил.","цил.","Deposit"
"nosfst.mnu","пр.","пр.","Deposit"
"nosfst.mnu","вл.","вл.","Deposit"
"nosfst.mnu","пл.","пл.","Deposit"
"nosfst.mnu","дп.","дп.","Deposit"
"nosfst.mnu","дф.","дф.","Deposit"
"nosfst.mnu","ндп.","ндп.","Deposit"
"nosfst.mnu","сл.","сл.","Deposit"
"nosfst.mnu","тр.","тр.","Deposit"
"nosfst.mnu","вк.","вк.","Deposit"
"nosfst.mnu","вл.","вл.","Deposit"
"nosfst.mnu","кф.","кф.","Deposit"
"nosfst.mnu","нк.","нк.","Deposit"
"nosfst.mnu","мд.","мд.","Deposit"
"nosfst.mnu","CD-ROM","CD-ROM","Deposit"
"nosfst.mnu","DVD-ROM","DVD-ROM","Deposit"
"nosfst.mnu","WORM","WORM","Deposit"
"nosfst.mnu","CD","CD","Deposit"
"nosfst.mnu","апк.","апк.","Deposit"
"nosfst.mnu","мкф.","мкф.","Deposit"
"nosfst.mnu","мкфм.","мкмф.","Deposit"
"nosfst.mnu","мкфш.","мкмш.","Deposit"
"nosfst.mnu","дж.","дж.","Deposit"
"nosfst.mnu","парт.","парт.","Deposit"
"nosfst.mnu","партит.","партит.","Deposit"
"nosfst.mnu","a=картридж с магн. лентой","мл.-картридж","Deposit"
"nosfst.mnu","b=эл. микропроцессор. картридж","ЧИП-картридж","Deposit"
"nosfst.mnu","с=эл. опт. диск в картридже","CD-картридж","Deposit"
"nosfst.mnu","f=эл. кассета с магн. лентой","мл.","Deposit"
"nosfst.mnu","h=эл. катушка с магн. лентой","мл.-катушка","Deposit"
"nosfst.mnu","j=эл. гиб. диск","мд.","Deposit"
"nosfst.mnu","m=эл. магн.-опт. диск","мд. опт.","Deposit"
"nosfst.mnu","o=эл. опт. диск","CD-ROM","Deposit"
"nosfst.mnu","o=эл. опт. диск (CD-ROM)","CD-ROM","Deposit"
"nosfst.mnu","o=эл. опт. диск (CD-DA)","CD-DA","Deposit"
"nosfst.mnu","o=эл. опт. диск (DVD-ROM)","DVD-ROM","Deposit"
"nosfst.mnu","o=эл. опт. диск (WORM)","WORM","Deposit"
"nosfst.mnu","o=эл. опт. диск (CD-WORM)","CD-WORM","Deposit"
"nosfst.mnu","o=эл. опт. диск (Photo CD)","Photo CD","Deposit"
"nosfst.mnu","o=эл. опт. диск (CD-I)","CD-I","Deposit"
"nosfst.mnu","o=эл. опт. диск (CD-R)","CD-R","Deposit"
"nosfst.mnu","o=эл. опт. диск (CD)","CD","Deposit"
"nosfst.mnu","o=эл. опт. диск (CD-DV)","CD-DV","Deposit"
"nosfst.mnu","o=эл. опт. диск (DVD-ROM)","CD-WORM","Deposit"
"nosfst.mnu","z=интеракт. видеодиск (CD-DVI)","CD-DVI","Deposit"
"nosfst.mnu","o=эл. опт. диск (CD-EROM)","CD-EROM","Deposit"
"nosfst.mnu","o=эл. опт. диск (CD-PROM)","CD-PROM","Deposit"
"nosfst.mnu","o=эл. опт. диск (CD-RW)","CD-RW","Deposit"
"nosfst.mnu","o=эл. опт. диск (CD+RW)","CD+RW","Deposit"
"nosfst.mnu","o=эл. опт. диск (DVD-R/W)","DVD-R/W","Deposit"
"nosfst.mnu","o=эл. опт. диск (CD-EDOD)","CD-EDOD","Deposit"
"nosfst.mnu","o=эл. опт. диск (CD-E)","CD-E","Deposit"
"nosfst.mnu","o=эл. опт. диск (CD-DVE)","CD-DVE","Deposit"
"nosfst.mnu","o=эл. опт. диск (DVD-RW)","DVD-RW","Deposit"
"nosfst.mnu","r=on-line","on-line","Deposit"
"nosfst.mnu","x=фк.","фк.","Deposit"
"nosfst.mnu","z=эл. жестк. диск","жесткий мд.","Deposit"
"nosfst.mnu","z=интеракт. видеодиск","Интеракт.видеодиск","Deposit"
"nosfst.mnu","автолитогр.","автолитогр.","Deposit"
"nosfst.mnu","гравюра","гравюра","Deposit"
"nosfst.mnu","грав. на мет.","грав. на мет.","Deposit"
"nosfst.mnu","грав. на дер.","грав. на дер.","Deposit"
"nosfst.mnu","живопись","живопись","Deposit"
"nosfst.mnu","изображение","изображение","Deposit"
"nosfst.mnu","картон, тушь","картон, тушь","Deposit"
"nosfst.mnu","кодирующая карта","кодирующая карта","Deposit"
"nosfst.mnu","коллаж","коллаж","Deposit"
"nosfst.mnu","литогр.","литогр.","Deposit"
"nosfst.mnu","литогр. раскраш.","литогр. раскраш.","Deposit"
"nosfst.mnu","литогр. тоновая","литогр. тоновая","Deposit"
"nosfst.mnu","офорт, пунктир","офорт, пунктир","Deposit"
"nosfst.mnu","офсет","офсет","Deposit"
"nosfst.mnu","офсет цв.","офсет цв.","Deposit"
"nosfst.mnu","пунктир, акватинта, офорт","пунктир, акватинта, офорт","Deposit"
"nosfst.mnu","резц. грав., офорт","резц. грав., офорт","Deposit"
"nosfst.mnu","рис.","рис.","Deposit"
"nosfst.mnu","схема","схема","Deposit"
"nosfst.mnu","тех.чертеж","тех.чертеж","Deposit"
"nosfst.mnu","трафарет","трафарет","Deposit"
"nosfst.mnu","трафарет цв.","трафарет цв.","Deposit"
"nosfst.mnu","фотогравюра","фотогравюра","Deposit"
"nosfst.mnu","фотомеханическая продукция","фотомеханическая продукция","Deposit"
"nosfst.mnu","фотонегатив","фотонегатив","Deposit"
"nosfst.mnu","фототип.","фототип.","Deposit"
"nosfst.mnu","хромолитогр.","хромолитогр.","Deposit"
"nosfst.mnu","хромолитогр. на картоне","хромолитогр. на картоне","Deposit"
"nosfst.mnu","цинкогр.","цинкогр.","Deposit"
"ste.mnu","0","Для ЭК - отдельный экземпляр, поступил по месту хранения","Deposit"
"ste.mnu","R","Для ЭК - группа экз-ров. Размножение с вводом инвентарных номеров","Deposit"
"ste.mnu","U","Для ЭК ВУЗа - группа экз-ров (Безинв.учет). Размножения не требуется","Deposit"
"ste.mnu","C","Группа экземпляров для библиотеки сети. Размножения не требуется","Deposit"
"ste.mnu","E","Сетевой локальный ресурс","Deposit"
"ste.mnu","8","Номер журнала/газеты поступил, но еще не дошел до места хранения","Deposit"
"ste.mnu","2","Отдельный экземпляр в библиотеку еще не поступал, ожидается","Deposit"
"ste.mnu","3","В переплете","Deposit"
"ste.mnu","4","Утерян","Deposit"
"ste.mnu","5","Временно не выдается","Deposit"
"ste.mnu","6","Списан","Deposit"
"ste.mnu","p","Номер журнала/газеты переплетен (входит в ""подшивку"")","Deposit"
"ste.mnu","1","Выдан читателю","Deposit"
"ste.mnu","9","На бронеполке","Deposit"
"stw.mnu","6","Списан","Deposit"
"stw.mnu","0","Для ЭК - отдельный экземпляр","Deposit"
"stw.mnu","U","Для ЭК ВУЗа - группа экз-ров (Безинв.учет). Размножения не требуется","Deposit"
"stw.mnu","C","Группа экземпляров для библиотеки сети. Размножения не требуется","Deposit"
"stw.mnu","R","Для ЭК - группа экз-ров. Размножение с вводом инвентарных номеров","Deposit"
"stw.mnu","2","Отдельный экземпляр в библиотеку еще не поступал, ожидается","Deposit"
"stw.mnu","3","В переплете","Deposit"
"stw.mnu","p","Номер журнала/газеты переплетен (входит в ""подшивку"")","Deposit"
"stw.mnu","4","Утерян","Deposit"
"stw.mnu","5","Временно не выдается","Deposit"
"stw.mnu","1","Выдан читателю","Deposit"
"stw.mnu","E","Сетевой локальный ресурс","Deposit"
"stm.mnu","0","Для ЭК - отдельный экземпляр","SK"
"stm.mnu","6","Списан","SK"
"stm.mnu","R","Для ЭК - группа экз-ров. Размножение с вводом инвентарных номеров","SK"
"stm.mnu","3","На реставрации","SK"
"stm.mnu","4","Утерян","SK"
"stm.mnu","5","Временно не выдается из хранения","SK"
"stm.mnu","1","В постоянной экспозиции","SK"
"kp.mnu","ГПНТБ","ГПНТБ РОССИИ","IBIS"
"kp.mnu","CC","Computer Center","IBIS"
"kp.mnu","ISG","Interloc systems group","IBIS"
"kp.mnu","ОСТ","АО ""ИнерОСТ - Диалог""","IBIS"
"kp.mnu","ВИ","ВИНИТИ","IBIS"
"kp.mnu","Вы","Выставка","IBIS"
"kp.mnu","ГК","ГКНТ","IBIS"
"kp.mnu","Др","Дары","IBIS"
"kp.mnu","ЖУР","Журнальная группа","IBIS"
"kp.mnu","ИОХ","Институт органической химии","IBIS"
"kp.mnu","К+Д","ИЧП ""К+Д""","IBIS"
"kp.mnu","Д1","Магазин N 1 ""Дружба""","IBIS"
"kp.mnu","120","Магазин N 120","IBIS"
"kp.mnu","20","Магазин N 200 ""Москнига""","IBIS"
"kp.mnu","79","Магазин N 79 ""Москнига""","IBIS"
"kp.mnu","64","Магазин N64 ""Прогресс""","IBIS"
"kp.mnu","МБА","МБА","IBIS"
"kp.mnu","МАК","Мед. и АК","IBIS"
"kp.mnu","МКО","Международный книгообмен","IBIS"
"kp.mnu","МК","Межкнига","IBIS"
"kp.mnu","НТЦ","НТЦ ""Нанотроника""","IBIS"
"kp.mnu","ПМ","Производственная мастерская","IBIS"
"kp.mnu","РО","Разные организации","IBIS"
"kp.mnu","РЦ","Репроцентр ГПНТБ","IBIS"
"kp.mnu","ТОО","ТОО ""УНИВЕРСУМ""","IBIS"
"kp.mnu","ЦБ","Центральная оптовая книжная база","IBIS"
"kp.mnu","ЦКБ","Центральный коллектор библиотек","IBIS"
"kp.mnu","Покупка","Покупка","IBIS"
"kp.mnu","Книгообмен","Книгообмен","IBIS"
"kp.mnu","Дары","Дары","IBIS"
"pst.mnu","k","закупка","SK"
"pst.mnu","d","дар","SK"
"pst.mnu","p","передача","SK"
"pst.mnu","m","полевые материалы","SK"
"pst.mnu","z","неизвестен","SK"
"coll.mnu","Арх","Коллекция Архипова А.А.","IMAGE"
"coll.mnu","Кош","Коллекция Кошарова П.М.","IMAGE"
"coll.mnu","Орж","Коллекция оружия","IMAGE"
"coll.mnu","Сун","Коллекция находок со стоянки Сунгирь","IMAGE"
"coll.mnu","Фрф","Коллекция фарфора","IMAGE"
"coll.mnu","Фд","Коллекция фотодокументов","IMAGE"
"val.mnu","Euro","Евро","PODB"
"val.mnu","Aus$","Австраллийские доллары","PODB"
"val.mnu","Osh","Австрийские шиллинги","PODB"
"val.mnu","BFr","Бельгийские франки","PODB"
"val.mnu","Dfl","Голландские флоринты","PODB"
"val.mnu","DKr","Датские кроны","PODB"
"val.mnu","$","Доллары США","PODB"
"val.mnu","Rs","Индийские рупии","PODB"
"val.mnu","C$","Канадские доллары","PODB"
"val.mnu","L","Лиры","PODB"
"val.mnu","DM","Немецкие марки","PODB"
"val.mnu","NZ$","Новозеландские доллары","PODB"
"val.mnu","NKr","Норвежские кроны","PODB"
"val.mnu","Ptas","Писсеты","PODB"
"val.mnu","FM","Финские марки","PODB"
"val.mnu","Fr","Франки","PODB"
"val.mnu","FFr","Французские франки","PODB"
"val.mnu","PhD","Фунты стерлингов (паунд)","PODB"
"val.mnu","SvKr","Шведские кроны","PODB"
"val.mnu","SFr","Швейцарские франки","PODB"
"val.mnu","R","Южноафриканские рэнды","PODB"
"val.mnu","Y","Японские йены","PODB"
"val.mnu","","","PODB"
"33.mnu","..../0","год","POST"
"33.mnu","..../1","первое полугодие","POST"
"33.mnu","..../2","второе полугодие","POST"
"33.mnu","..../1-1","первый квартал (январь-март)","POST"
"33.mnu","..../1-2","второй квартал (апрель-июнь)","POST"
"33.mnu","..../1-3","третий квартал (июль-сентябрь)","POST"
"33.mnu","..../1-4","четвертый квартал (октябрь-декабрь)","POST"
"33.mnu","..../P:N-K","нестандартный период: c N-го месяца по К-ый","POST"
"prsp.mnu","a устаревшие","Устаревшие по содержанию","IMAGE"
"prsp.mnu","b непрофильные","Непрофильные","IMAGE"
"prsp.mnu","c ветхие","Ветхие","IMAGE"
"prsp.mnu","d узкого спроса","Узкого спроса","IMAGE"
"prsp.mnu","e утерянные","Утерянные абонентом","IMAGE"
"prsp.mnu","f погибшие","Погибшие (в том числе в результате аварии)","IMAGE"
"prsp.mnu","g излишние экз-ры","Излишняя экземплярность","IMAGE"
"prsp.mnu","h окончание срока","Окончание срока действия","IMAGE"
"prsp.mnu","i пропажа","пропажа с выставок или в процессе обслуживания","IMAGE"
"prsp.mnu","j отсутствие в фонде","Длительное отсутствие в фонде по неустановленной причине","IMAGE"
"prsp.mnu","l отзыв изданий","Отзыв изданий РКП или другими организациями","IMAGE"
"prsp.mnu","x","Другие","IMAGE"
"prsp.mnu","","","IMAGE"
"vp.mnu","1","Передача заданного комплекта (экз.) отдельных NN журналов","CMPL"
"vp.mnu","2","Передача заданного комплекта (экз.) всех NN журналов за год","CMPL"
"otkaz.mnu","01","Занято","RQST"
"otkaz.mnu","02","Нет на месте","RQST"
"otkaz.mnu","03","Нет на месте и по топокаталогу","RQST"
"otkaz.mnu","04","В переплете","RQST"
"otkaz.mnu","05","Списано","RQST"
"otkaz.mnu","06","Лакуна","RQST"
"otkaz.mnu","07","Дефектный","RQST"
"otkaz.mnu","08","Ветхий","RQST"
"otkaz.mnu","09","Перенаправление","RQST"
"otkaz.mnu","*","Прочие","RQST"
"reservstatus.mnu","0","отправлен с места хранения на место выдачи","RQST"
"reservstatus.mnu","1","получен с места хранения/находится по месту выдачи/предназначен для выдачи читателю","RQST"
"reservstatus.mnu","2","получен от читателя/находится по месту выдачи/предназначен для выдачи читателю","RQST"
"reservstatus.mnu","3","получен от читателя/находится по месту выдачи/предназначен для возврата по месту хранения","RQST"
"reservstatus.mnu","4","отправлен с места выдачи на место хранения","RQST"
"return.mnu","20","20 дн.","RDRV"
"return.mnu","30","30 дн.","RDRV"
"return.mnu","50","50 дн.","RDRV"
"return.mnu","60","60 дн.","RDRV"
"900t.mnu","a","текстовые материалы, кроме рукописных; в том числе печатные текстовые материалы, микроформы, а также электронные текстовые материалы.","Deposit"
"900t.mnu","a1","Препринт","Deposit"
"900t.mnu","a2","ксерокопия","Deposit"
"900t.mnu","b","текстовые материалы, рукописные; в том числе микроформы и оцифрованные рукописные текстовые материалы.","Deposit"
"900t.mnu","c","музыкальные партитуры, кроме рукописных; в том числе печатные музыкальные партитуры, микроформы, а также электронные музыкальные партитуры.","Deposit"
"900t.mnu","d","музыкальные партитуры, рукописные; в том числе микроформы и оцифрованные рукописные музыкальные партитуры.","Deposit"
"900t.mnu","e","картографические материалы, кроме рукописных; в том числе географические карты, атласы, глобусы, цифровые географические карты, а также другие картографические материалы.","Deposit"
"900t.mnu","f","картографические материалы, рукописные; в том числе микроформы и оцифрованные рукописные географические карты.","Deposit"
"900t.mnu","g","кинофильмы, проекционные и видеоматериалы (без уточнения)","Deposit"
"900t.mnu","g1","видеозаписи","Deposit"
"900t.mnu","g2","кинофильмы","Deposit"
"900t.mnu","g3","проекционные материалы (диафильмы, слайды, пленки, НО для непроекционной двухмерной графики-см. ""k"" ниже).","Deposit"
"900t.mnu","i","звукозаписи, немузыкальные","Deposit"
"900t.mnu","j","звукозаписи, музыкальные","Deposit"
"900t.mnu","k","двухмерная графика (изоматериал, иллюстрации, чертежи и т. п.-графики, схемы, коллажи, компьют.графика, рисунки, ""duplication masters"", живописные изображения, фотонегативы, фотоотпечатки, почтовые открытки, плакаты, эстампы, ""spirit masters"", технические чертежи, фотомеханические репродукции, а также репродукции перечисленных выше материалов.","Deposit"
"900t.mnu","l","компьютерные файлы. Включает следующие классы электронных ресурсов: программное обеспечение (в том числе программы, игры, шрифты), числовые данные, мультимедиа, онлайновые системы или службы. Для этих классов материалов, если существует важный аспект, требующий отнесения материала к иной категории, определяемой значением кода поз.6 маркера, вместо кода l используется код, соответствующий данному аспекту (например, картографические векторные изображения кодируются как картографические материалы, а не как числовые данные). Другие классы электронных ресурсов кодируются в соответствии с наиболее важными аспектами ресурса (например, текстовый материал, графика, картографический материал, музыкальная или не-музыкальная звукозапись, движущееся изображение). В случаях, если наиболее важный аспект не может быть определен однозначно, документ кодируется как ""компьютерный файл"".","Deposit"
"900t.mnu","l1","сайт","Deposit"
"900t.mnu","l2","электронный журнал","Deposit"
"900t.mnu","m","мультимедиа (документ, содержащий компоненты двух или более видов; ни один из компонентов не является основным в наборе)","Deposit"
"900t.mnu","m2","комплект (документ, содержащий информацию на разных носителях, включая текстовый документ)","Deposit"
"900t.mnu","r","трехмерные художественные объекты и реалии. Включает искусственные объекты, такие как: модели, диорамы, игры, головоломки, макеты, скульптуры и другие трехмерные художественные объекты и их репродукции, экспонаты, устройства, предметы одежды, игрушки, а также естественные объекты, например: препараты для микроскопа и другие предметы, смонтированные для визуального изучения.","Deposit"
"900t.mnu","1","Шрифт Брайля И Муна","Deposit"
"900t.mnu","2","Шрифт Брайля (РТШ - рельефно-точечный шрифт)","Deposit"
"900t.mnu","3","Шрифт Муна","Deposit"
"900t.mnu","4","УШ (укрупненный шрифт)","Deposit"
"900t.mnu","5","Тактильное издание","Deposit"
"900t.mnu","6","РГП (рельефно-графическое пособие)","Deposit"
"cn.mnu","a","для юношества, общего характера","IMAGE"
"cn.mnu","b","для детей ясельного возраста, 0-5 лет","IMAGE"
"cn.mnu","c","для детей младшего возраста, 5-10 лет","IMAGE"
"cn.mnu","c1","для детей от 5 до 7 лет","IMAGE"
"cn.mnu","c2","для детей от 8 до 10 лет","IMAGE"
"cn.mnu","c3","Для учащихся 1-4 классов","IMAGE"
"cn.mnu","d","для детей среднего возраста, 9-14 лет","IMAGE"
"cn.mnu","d1","Для учащихся 5-9 классов","IMAGE"
"cn.mnu","e","для юношества, возраст 14-20 лет","IMAGE"
"cn.mnu","e1","Для учащихся 10-11 классов","IMAGE"
"cn.mnu","k","для взрослых, научная","IMAGE"
"cn.mnu","k1","для взрослых, заочная форма обучения","IMAGE"
"cn.mnu","m","для взрослых, общего характера","IMAGE"
"cn.mnu","m1","для взрослых - преподавателей отдельных предметов","IMAGE"
"cn.mnu","m2","для взрослых - воспитателей д/садов","IMAGE"
"cn.mnu","m3","для взрослых - родителей","IMAGE"
"cn.mnu","u","неизвестно","IMAGE"
"il.mnu","a-ил.","Иллюстрации без уточнения (издание на кириллице)","Deposit"
"il.mnu","a-il.","Иллюстрации без уточнения (издание на латинице)","Deposit"
"il.mnu","a-цв. ил.","Иллюстрации цветные","Deposit"
"il.mnu","b-карты","Карты","Deposit"
"il.mnu","c-портр.","Портреты","Deposit"
"il.mnu","d-м.карты","Карты морские","Deposit"
"il.mnu","e-планы","Планы","Deposit"
"il.mnu","f-вкл. л.","Вкладные листы","Deposit"
"il.mnu","g-муз. пр.","Музыкальное произведение (в текстовой форме)","Deposit"
"il.mnu","h-факс.","Факсимиле","Deposit"
"il.mnu","i-гербы","Гербы","Deposit"
"il.mnu","j-генеалогич. табл.","Генеалогические таблицы, схемы","Deposit"
"il.mnu","k-формы","Формы (бланки, анкеты и т.д.)","Deposit"
"il.mnu","l-обр.","Образцы (шаблоны и т.п.)","Deposit"
"il.mnu","n-transp.","Транспаренсы (Transparencies - прозрачные пленочные материалы)","Deposit"
"il.mnu","o-орн.","Орнаменты, раскрашенные буквы в рукописи","Deposit"
"il.mnu","a-рис.","Рисунки","Deposit"
"il.mnu","a-табл.","Таблицы","Deposit"
"il.mnu","a-граф.","Графики","Deposit"
"il.mnu","a-фот.","Фотографии (без уточнения)","Deposit"
"il.mnu","a-фот. цв.","Фотографии цветные","Deposit"
"200b.mnu","Видеозапись","","kzd"
"200b.mnu","Звукозапись","","kzd"
"200b.mnu","Изоматериал","","kzd"
"200b.mnu","Карты","","kzd"
"200b.mnu","Кинофильм","","kzd"
"200b.mnu","Комплекс объектов","","kzd"
"200b.mnu","Микроформа","","kzd"
"200b.mnu","Мультимедиа","","kzd"
"200b.mnu","Ноты","","kzd"
"200b.mnu","Предмет","","kzd"
"200b.mnu","Рукопись","","kzd"
"200b.mnu","Текст","","kzd"
"200b.mnu","Шрифт Брайля","","kzd"
"200b.mnu","Электронный ресурс","","kzd"
"200b.mnu","Brail","Шрифт Брайля","kzd"
"200b.mnu","Cartographic material","Карты","kzd"
"200b.mnu","Electronic resource","Электронный ресурс","kzd"
"200b.mnu","Graphic","Изоматериал","kzd"
"200b.mnu","Kit","Комплект","kzd"
"200b.mnu","Manuscript","Рукопись","kzd"
"200b.mnu","Microform","Микроформа","kzd"
"200b.mnu","Motion picture","Кинофильм","kzd"
"200b.mnu","Multimedia","Мультимедиа","kzd"
"200b.mnu","Music","Ноты","kzd"
"200b.mnu","Object","Предмет","kzd"
"200b.mnu","Sound recording","Звукозапись","kzd"
"200b.mnu","Text","Текст","kzd"
"200b.mnu","Videorecording","Видеозапись","kzd"
"idr.mnu","[и др.]","","IMAGE"
"idr.mnu","[et al.]","","IMAGE"
"danet.mnu","1","ДА","kzd"
"di.mnu","1","Инверсия фамилии и инициалов не допускается","IMAGE"
"di.mnu","2","Число слов в фамилии (откорректировать число)","IMAGE"
"df.mnu","1","Отменить умолчание","kzd"
"etr.mnu","ПК","Создание записи","IBIS"
"etr.mnu","РЗ","Размещение заказа","IBIS"
"etr.mnu","ИЗ","Исполнение заказа","IBIS"
"etr.mnu","КТ","Каталогизация","IBIS"
"etr.mnu","С","Систематизация","IBIS"
"etr.mnu","obrzv","Обработка записи завершена","IBIS"
"etr.mnu","ПРФ","Проверка фонда","IBIS"
"etr.mnu","РЖ","Регистрация периодики","IBIS"
"etr.mnu","ДК","Докомплектование","IBIS"
"etr.mnu","КР","Корректура","IBIS"
"etr.mnu","ВБ","Выбытие","IBIS"
"etr.mnu","ПФ","Передача в другое подразделение","IBIS"
"etr.mnu","ZU","Запись получена по обмену в формате UNIMARC","IBIS"
"etr.mnu","ZS","Запись получена по обмену в формате USMARC","IBIS"
"etr.mnu","ОБРНЗ","Обработка не завершена (читателю не выдается)","IBIS"
"29.mnu","Лишен права пользования до","","RDRV"
"29.mnu","Утерян билет","","RDRV"
"29.mnu","Оплатить ксерокс","","RDRV"
"29.mnu","Уточнить данные","","RDRV"
"29.mnu","Вернуть иностранную литературу","","RDRV"
"29.mnu","Оплатить билет","","RDRV"
"vdu.mnu","01","Газета","Deposit"
"vdu.mnu","02","Журнал","Deposit"
"vdu.mnu","03","Многотомное издание","Deposit"
"vdu.mnu","04","Продолжающееся издание","Deposit"
"vdu.mnu","05","Однотомное издание","Deposit"
"vdu.mnu","07","Монографическая серия","Deposit"
"vdu.mnu","08","Статья из журнала","Deposit"
"vdu.mnu","09","Статья из сборника (однотомник)","Deposit"
"vdu.mnu","10","Статья из сборника (том многотомника)","Deposit"
"vdu.mnu","12","Статья из газеты","Deposit"
"vdu.mnu","16","Статья из сборника (выпуск продолж. издания)","Deposit"
"vdu.mnu","17","Статья из сборника (выпуск монографической серии)","Deposit"
"dn.mnu","1","Не переведен","RDR"
